round,scope,metric,threshold,median,mad,scale,method,tau,raw_threshold
9,client,dE_local,16.362101914210733,6.268803596496582,3.9077221155166626,5.793588808465004,mad,1.7421495814419636,16.362101914210733
9,client,dN_local,3.030224232577793,0.8538028231720858,0.8426234721797796,1.2492735598537412,mad,1.7421495814419636,3.030224232577793
9,client,dE_global,16.362101914210733,6.268803596496582,3.9077221155166626,5.793588808465004,mad,1.7421495814419636,16.362101914210733
9,client,dN_global,3.030224232577793,0.8538028231720858,0.8426234721797796,1.2492735598537412,mad,1.7421495814419636,3.030224232577793
9,client,dC_local,0.6439637476848861,0.18158060312271118,0.17901629209518433,0.2654095546603203,mad,1.7421495814419636,0.6439637476848861
9,client,dC_global,0.6439637476848861,0.18158060312271118,0.17901629209518433,0.2654095546603203,mad,1.7421495814419636,0.6439637476848861
9,client,dD,1.564936711289394,0.847167082130909,0.24804341420531273,0.36774916590079665,mad,1.951791317868303,1.564936711289394
9,cluster,cluster_dE_global,0.0,0.0,0.0,0.0,constant,1.7421495814419636,0.0
9,cluster,cluster_dN_global,0.39207989758218326,0.39207989758218326,0.0,0.0,constant,1.7421495814419636,0.39207989758218326
