round,scope,metric,threshold,median,mad,scale,method,tau,raw_threshold
7,client,dE_local,20.69029000764872,6.76474142074585,4.862061500549316,7.208492380714416,mad,1.9318253875330784,20.69029000764872
7,client,dN_local,2.6350862430819912,0.7325496602347492,0.6642646654185094,0.984838792949482,mad,1.9318253875330784,2.6350862430819912
7,client,dE_global,20.69029000764872,6.76474142074585,4.862061500549316,7.208492380714416,mad,1.9318253875330784,20.69029000764872
7,client,dN_global,2.6350862430819912,0.7325496602347492,0.6642646654185094,0.984838792949482,mad,1.9318253875330784,2.6350862430819912
7,client,dC_local,1.0954375866308936,0.3072541058063507,0.2751917839050293,0.4079993388175964,mad,1.9318253875330784,1.0954375866308936
7,client,dC_global,1.0954375866308936,0.3072541058063507,0.2751917839050293,0.4079993388175964,mad,1.9318253875330784,1.0954375866308936
7,client,dD,1.7020033417913745,0.8777224346995354,0.2635109946131706,0.3906814006134867,mad,2.109854489610899,1.7020033417913745
7,cluster,cluster_dE_global,0.0,0.0,0.0,0.0,constant,1.9318253875330784,0.0
7,cluster,cluster_dN_global,0.44266160354770434,0.44266160354770434,0.0,0.0,constant,1.9318253875330784,0.44266160354770434
