round,scope,metric,threshold,median,mad,scale,method,tau,raw_threshold
4,client,dE_local,31.484915352568606,7.980996131896973,6.752553224563599,10.01133541073799,mad,2.347730672919192,31.484915352568606
4,client,dN_local,12.817909838319913,2.9160269147486613,2.8447592436416502,4.217640054623111,mad,2.347730672919192,12.817909838319913
4,client,dE_global,31.484915352568606,7.980996131896973,6.752553224563599,10.01133541073799,mad,2.347730672919192,31.484915352568606
4,client,dN_global,12.817909838319913,2.9160269147486613,2.8447592436416502,4.217640054623111,mad,2.347730672919192,12.817909838319913
4,client,dC_local,0.7831687502599453,0.21104535460472107,0.16436806321144104,0.24369209051728247,mad,2.347730672919192,0.7831687502599453
4,client,dC_global,0.7831687502599453,0.21104535460472107,0.16436806321144104,0.24369209051728247,mad,2.347730672919192,0.7831687502599453
4,client,dD,1.9757841175460784,0.9207354821264744,0.2896956205368042,0.4295027270078659,mad,2.4564422274326603,1.9757841175460784
4,cluster,cluster_dE_global,0.0,0.0,0.0,0.0,constant,2.347730672919192,0.0
4,cluster,cluster_dN_global,0.5912949464262637,0.5912949464262637,0.0,0.0,constant,2.347730672919192,0.5912949464262637
