round,scope,metric,threshold,median,mad,scale,method,tau,raw_threshold
5,client,dE_local,7.457717728610725,1.7573527693748474,1.7573527693748474,2.605451215875149,mad,2.1878609449692474,7.457717728610725
5,client,dN_local,0.5357324953489051,0.12624116634686303,0.12624116634686303,0.1871651532258591,mad,2.1878609449692474,0.5357324953489051
5,client,dE_global,41.299585081652566,10.69357442855835,9.435458600521088,13.989010921132564,mad,2.1878609449692474,41.299585081652566
5,client,dN_global,5.305443515129565,1.3726343557695273,1.2124369434322286,1.7975590123326222,mad,2.1878609449692474,5.305443515129565
5,client,dC_local,0.030108491841997095,0.007094830274581909,0.007094830274581909,0.010518795365095137,mad,2.1878609449692474,0.030108491841997095
5,client,dC_global,1.2680503366778462,0.33336079120635986,0.28815335035324097,0.42721615723371503,mad,2.1878609449692474,1.2680503366778462
5,client,dD,0.47326902359456496,0.10648658871650696,0.10648652911186218,0.15787692806124687,mad,2.3232174541410395,0.47326902359456496
5,cluster,cluster_dE_global,257767516.37430826,60740898.0,60740895.699959755,90054451.96476033,mad,2.1878609449692474,257767516.37430826
5,cluster,cluster_dN_global,44.675901705908146,15.342549174386974,9.043113673414249,13.407320332203964,mad,2.1878609449692474,44.675901705908146
