round,scope,metric,threshold,median,mad,scale,method,tau,raw_threshold
3,client,dE_local,9.499717448806624,1.9973642230033875,1.9973642230033875,2.961292197024822,mad,2.533472797227092,9.499717448806624
3,client,dN_local,0.4656866235986119,0.09791299647801202,0.09791299647801202,0.1451658085783006,mad,2.533472797227092,0.4656866235986119
3,client,dE_global,971889706.4854218,204344787.54464054,204344785.49578214,302961578.97604656,mad,2.533472797227092,971889706.4854218
3,client,dN_global,24.216595946966507,15.344820322820553,2.361947870601023,3.5018239129530766,mad,2.533472797227092,24.216595946966507
3,client,dC_local,0.02810368518631466,0.005955874919891357,0.005896449089050293,0.008742075419425965,mad,2.533472797227092,0.02810368518631466
3,client,dC_global,1.0740629489019855,0.2682510316371918,0.21453267335891724,0.3180661415219307,mad,2.533472797227092,1.0740629489019855
3,client,dD,0.09722860328672259,0.019959092140197754,0.01995903253555298,0.029591261637210844,mad,2.611227331022577,0.09722860328672259
3,cluster,cluster_dE_global,184109421885.6897,38709948416.0,38709948413.658585,57391369518.09022,mad,2.533472797227092,184109421885.6897
3,cluster,cluster_dN_global,28.97316493433557,12.69191953678288,4.334583574546187,6.426453607622176,mad,2.533472797227092,28.97316493433557
