round,scope,metric,threshold,median,mad,scale,method,tau,raw_threshold
6,client,dE_local,24.40757187047714,7.209897994995117,5.657659649848938,8.388046196866036,mad,2.0502597949338264,24.40757187047714
6,client,dN_local,4.419479838689626,1.1227908112576754,1.0845387942372944,1.6079372163362124,mad,2.0502597949338264,4.419479838689626
6,client,dE_global,24.40757187047714,7.209897994995117,5.657659649848938,8.388046196866036,mad,2.0502597949338264,24.40757187047714
6,client,dN_global,4.419479838689626,1.1227908112576754,1.0845387942372944,1.6079372163362124,mad,2.0502597949338264,4.419479838689626
6,client,dC_local,1.1805577989930294,0.31719133257865906,0.2840287387371063,0.4211010080516338,mad,2.0502597949338264,1.1805577989930294
6,client,dC_global,1.1805577989930294,0.31719133257865906,0.2840287387371063,0.4211010080516338,mad,2.0502597949338264,1.1805577989930294
6,client,dD,1.9052085017281977,0.8664621040225029,0.31723298132419586,0.47032961811125273,mad,2.208549829111522,1.9052085017281977
6,cluster,cluster_dE_global,0.0,0.0,0.0,0.0,constant,2.0502597949338264,0.0
6,cluster,cluster_dN_global,0.380841571858806,0.380841571858806,0.0,0.0,constant,2.0502597949338264,0.380841571858806
