round,scope,metric,threshold,median,mad,scale,method,tau,raw_threshold
2,client,dE_local,10.345248450153393,2.0380412340164185,2.0380412340164185,3.021599933552742,mad,2.749274357565104,10.345248450153393
2,client,dN_local,0.9042035567364533,0.17813048584114688,0.17813048584114688,0.26409625830808436,mad,2.749274357565104,0.9042035567364533
2,client,dE_global,58975.028929879016,11619.480460882187,11617.93102401495,17224.744536204562,mad,2.749274357565104,58975.028929879016
2,client,dN_global,10.831311870612774,7.89827354256404,0.719574328409931,1.0668408993005636,mad,2.749274357565104,10.831311870612774
2,client,dC_local,0.03214293498552248,0.006364047527313232,0.006324440240859985,0.009376615101099014,mad,2.749274357565104,0.03214293498552248
2,client,dC_global,0.7137663957346314,0.18567365407943726,0.12955915927886963,0.1920844095468521,mad,2.749274357565104,0.7137663957346314
2,client,dD,0.09679751952391265,0.01885586977005005,0.018835455179214478,0.027925445848703382,mad,2.7910619646375867,0.09679751952391265
2,cluster,cluster_dE_global,526631799.2384541,103747856.0,103747853.05093288,153816566.93331307,mad,2.749274357565104,526631799.2384541
2,cluster,cluster_dN_global,16.355432250811702,9.096659696817166,1.7808244562204267,2.6402503387924043,mad,2.749274357565104,16.355432250811702
