round,scope,metric,threshold,median,mad,scale,method,tau,raw_threshold
8,client,dE_local,13.576978457258779,5.509775161743164,2.973544955253601,4.4085777506589885,mad,1.8298879484000796,13.576978457258779
8,client,dN_local,3.4580437397306727,0.9331264600489959,0.9306763154963018,1.379820705354817,mad,1.8298879484000796,3.4580437397306727
8,client,dE_global,13.576978457258779,5.509775161743164,2.973544955253601,4.4085777506589885,mad,1.8298879484000796,13.576978457258779
8,client,dN_global,3.4580437397306727,0.9331264600489959,0.9306763154963018,1.379820705354817,mad,1.8298879484000796,3.4580437397306727
8,client,dC_local,0.6696693573829133,0.1831360161304474,0.1793346107006073,0.26588149382472037,mad,1.8298879484000796,0.6696693573829133
8,client,dC_global,0.6696693573829133,0.1831360161304474,0.1793346107006073,0.26588149382472037,mad,1.8298879484000796,0.6696693573829133
8,client,dD,1.2356464372554208,0.999999983111223,0.07849317789077759,0.11637398554086685,mad,2.024906623666733,1.2356464372554208
8,cluster,cluster_dE_global,0.0,0.0,0.0,0.0,constant,1.8298879484000796,0.0
8,cluster,cluster_dN_global,0.4436867861013857,0.4436867861013857,0.0,0.0,constant,1.8298879484000796,0.4436867861013857
