round,scope,metric,threshold,median,mad,scale,method,tau,raw_threshold
1,client,dE_local,1.598161686998978,0.31955522298812866,0.2874694149941206,0.42620215467028316,mad,3.0,1.598161686998978
1,client,dN_local,0.30761327297669006,0.056465595832572796,0.056465595832572796,0.08371589238137242,mad,3.0,0.30761327297669006
1,client,dE_global,4.303547340643406,1.6127759218215942,0.6049668192863464,0.8969238062739372,mad,3.0,4.303547340643406
1,client,dN_global,1.4452475329820813,0.3385624171796615,0.24881629475300593,0.3688950386008066,mad,3.0,1.4452475329820813
1,client,dC_local,0.011363854789733886,0.002114713191986084,0.002079486846923828,0.0030830471992492675,mad,3.0,0.011363854789733886
1,client,dC_global,0.42603842485547067,0.10602748394012451,0.07194814085960388,0.10667031363844871,mad,3.0,0.42603842485547067
1,client,dD,0.0,0.0,0.0,0.0,constant,3.0,0.0
1,cluster,cluster_dE_global,4.18886257160902,1.7772223353385925,0.5422096848487854,0.8038800787568092,mad,3.0,4.18886257160902
1,cluster,cluster_dN_global,2.044180973139995,0.4885979733528474,0.34974211965177127,0.518527666595716,mad,3.0,2.044180973139995
