round,scope,metric,threshold,median,mad,scale,method,tau,raw_threshold
8,client,dE_local,7.239676833072322,3.4192636013031006,1.4081919193267822,2.087785339593887,mad,1.8298879484000796,7.239676833072322
8,client,dN_local,0.9189255797090874,0.32700533332148674,0.2181798819346379,0.32347349295629413,mad,1.8298879484000796,0.9189255797090874
8,client,dE_global,7.239676833072322,3.4192636013031006,1.4081919193267822,2.087785339593887,mad,1.8298879484000796,7.239676833072322
8,client,dN_global,0.9189255797090874,0.32700533332148674,0.2181798819346379,0.32347349295629413,mad,1.8298879484000796,0.9189255797090874
8,client,dC_local,0.2666996144735364,0.08373090624809265,0.0674416720867157,0.0999890230357647,mad,1.8298879484000796,0.2666996144735364
8,client,dC_global,0.2666996144735364,0.08373090624809265,0.0674416720867157,0.0999890230357647,mad,1.8298879484000796,0.2666996144735364
8,client,dD,1.0399087907596118,0.33612316846847534,0.2344290316104889,0.3475644822657108,mad,2.024906623666733,1.0399087907596118
8,cluster,cluster_dE_global,0.0,0.0,0.0,0.0,constant,1.8298879484000796,0.0
8,cluster,cluster_dN_global,0.19490199145391854,0.19490199145391854,0.0,0.0,constant,1.8298879484000796,0.19490199145391854
