round,scope,metric,threshold,median,mad,scale,method,tau,raw_threshold
6,client,dE_local,1.5573614281994494,0.8092244565486908,0.5430578887462616,0.8051376258552074,mad,0.929203837488152,1.5573614281994494
6,client,dN_local,0.21651236494529208,0.09106197011851253,0.09106197011851253,0.13500847689770668,mad,0.929203837488152,0.21651236494529208
6,client,dE_global,3.839101863958562,2.608158230781555,0.8935177326202393,1.3247293903827666,mad,0.929203837488152,3.839101863958562
6,client,dN_global,0.44633607904925376,0.24206249765590557,0.14827816835911453,0.2198372124092232,mad,0.929203837488152,0.44633607904925376
6,client,dC_local,0.008762107983734394,0.004095345735549927,0.0033875107765197754,0.005022323477268218,mad,0.929203837488152,0.008762107983734394
6,client,dC_global,0.1174307811742084,0.06176650524139404,0.040405601263046265,0.05990534443259239,mad,0.929203837488152,0.1174307811742084
6,client,dD,0.12237415053021136,0.04267290234565735,0.04178589582443237,0.061951769149303434,mad,1.2865047968601901,0.12237415053021136
6,cluster,cluster_dE_global,4.23544519619397,3.0857651233673096,0.8345301151275635,1.2372743486881255,mad,0.929203837488152,4.23544519619397
6,cluster,cluster_dN_global,0.5038883534318048,0.2643417664615286,0.17388214819729259,0.257797672917306,mad,0.929203837488152,0.5038883534318048
