round,scope,metric,threshold,median,mad,scale,method,tau,raw_threshold
4,client,dE_local,1.4190369136078052,0.6270866394042969,0.49556219577789307,0.7347205114603043,mad,1.0778932421928118,1.4190369136078052
4,client,dN_local,0.2242010313076903,0.08629474118577828,0.08629474118577828,0.12794058328203486,mad,1.0778932421928118,0.2242010313076903
4,client,dE_global,3.4283933665007265,2.2502756118774414,0.7372061610221863,1.0929818543314933,mad,1.0778932421928118,3.4283933665007265
4,client,dN_global,0.5508454450879623,0.2845007036379602,0.16666499047507183,0.24709751487834147,mad,1.0778932421928118,0.5508454450879623
4,client,dC_local,0.008300532360746724,0.003691941499710083,0.002883821725845337,0.004275554090738296,mad,1.0778932421928118,0.008300532360746724
4,client,dC_global,0.12506253567612916,0.0625281035900116,0.03913086652755737,0.05801542271375656,mad,1.0778932421928118,0.12506253567612916
4,client,dD,0.08688884975670505,0.027298420667648315,0.02729836106300354,0.040472550112009044,mad,1.4723665527410148,0.08688884975670505
4,cluster,cluster_dE_global,3.736526247205739,2.5812385082244873,0.722920298576355,1.0718016346693038,mad,1.0778932421928118,3.736526247205739
4,cluster,cluster_dN_global,0.5103242854470326,0.27092541258225844,0.14980363662723328,0.22209887166353606,mad,1.0778932421928118,0.5103242854470326
