round,scope,metric,threshold,median,mad,scale,method,tau,raw_threshold
10,client,dE_local,1.4686798126910157,0.8114145696163177,0.5652280747890472,0.8380071436822414,mad,0.7843193796494914,1.4686798126910157
10,client,dN_local,0.16656353864748047,0.07701178149937316,0.07701178149937316,0.11417766725097063,mad,0.7843193796494914,0.16656353864748047
10,client,dE_global,4.761091225667218,3.665285587310791,0.942359447479248,1.3971421168327331,mad,0.7843193796494914,4.761091225667218
10,client,dN_global,0.390648656919498,0.2316178093655156,0.13676168144006387,0.20276286890303868,mad,0.7843193796494914,0.390648656919498
10,client,dC_local,0.00787028397414737,0.004153698682785034,0.003196150064468384,0.004738612085580826,mad,0.7843193796494914,0.00787028397414737
10,client,dC_global,0.20137472045632232,0.12883412837982178,0.06238269805908203,0.09248858814239501,mad,0.7843193796494914,0.20137472045632232
10,client,dD,0.3276185384585393,0.12415134906768799,0.12415128946304321,0.18406670175790785,mad,1.1053992245618642,0.3276185384585393
10,cluster,cluster_dE_global,4.631685060879333,3.740367889404297,0.7665055990219116,1.1364212011098862,mad,0.7843193796494914,4.631685060879333
10,cluster,cluster_dN_global,0.3954798962922464,0.23249036482743146,0.1401660289378121,0.2078101545032002,mad,0.7843193796494914,0.3954798962922464
