round,scope,metric,threshold,median,mad,scale,method,tau,raw_threshold
4,client,dE_local,1.4283909688604282,0.6059973835945129,0.5146120712161064,0.7629638567849993,mad,1.0778932421928118,1.4283909688604282
4,client,dN_local,0.20370971088822856,0.07840765350451992,0.07840765350451992,0.11624718708580123,mad,1.0778932421928118,0.20370971088822856
4,client,dE_global,4.1349429204093,3.0137977600097656,0.701555609703064,1.0401263469457627,mad,1.0778932421928118,4.1349429204093
4,client,dN_global,0.509449185542008,0.2677741937502237,0.1512279160675747,0.22421050836178627,mad,1.0778932421928118,0.509449185542008
4,client,dC_local,0.00697216835350518,0.0028683245182037354,0.002567976713180542,0.0038072822749614715,mad,1.0778932421928118,0.00697216835350518
4,client,dC_global,0.31428763681976424,0.16775211691856384,0.09169447422027588,0.13594622747898102,mad,1.0778932421928118,0.31428763681976424
4,client,dD,0.12156138609395739,0.03819173574447632,0.03819161653518677,0.0566228906750679,mad,1.4723665527410148,0.12156138609395739
4,cluster,cluster_dE_global,3.8042168076362537,2.9272055625915527,0.5487890243530273,0.8136346075057983,mad,1.0778932421928118,3.8042168076362537
4,cluster,cluster_dN_global,0.5901911852704602,0.27815744036768614,0.19525484467612134,0.28948483271681746,mad,1.0778932421928118,0.5901911852704602
