round,scope,metric,threshold,median,mad,scale,method,tau,raw_threshold
1,client,dE_local,0.9661830947011709,0.30913475155830383,0.2954486906528473,0.4380322287619114,mad,1.5,0.9661830947011709
1,client,dN_local,0.28892542626780315,0.08961984747287546,0.08961984747287546,0.13287038586328515,mad,1.5,0.28892542626780315
1,client,dE_global,2.844842680954933,1.8064621686935425,0.4669187068939209,0.692253674840927,mad,1.5,2.844842680954933
1,client,dN_global,0.604809961518152,0.2542957990565603,0.15761237576401446,0.23367610830772784,mad,1.5,0.604809961518152
1,client,dC_local,0.0062614752620458606,0.001954704523086548,0.001936584711074829,0.0028711804926395417,mad,1.5,0.0062614752620458606
1,client,dC_global,0.5441446098417043,0.23082032799720764,0.14088955521583557,0.2088828545629978,mad,1.5,0.5441446098417043
1,client,dD,0.0,0.0,0.0,0.0,constant,2.0,0.0
1,cluster,cluster_dE_global,2.4314458995342254,1.6711658239364624,0.34186792373657227,0.506853383731842,mad,1.5,2.4314458995342254
1,cluster,cluster_dN_global,0.743351474520803,0.29064971309056664,0.20356210325564833,0.3018011742868242,mad,1.5,0.743351474520803
