round,scope,metric,threshold,median,mad,scale,method,tau,raw_threshold
5,client,dE_local,1.59299419639642,0.657150536775589,0.6348342001438141,0.9412051851332187,mad,0.9943035529371538,1.59299419639642
5,client,dN_local,0.206740134949351,0.08355991484330318,0.08355991484330318,0.12388592974668128,mad,0.9943035529371538,0.206740134949351
5,client,dE_global,4.325714257737901,3.195466995239258,0.7667088508605957,1.136722542285919,mad,0.9943035529371538,4.325714257737901
5,client,dN_global,0.4809587961191826,0.2557853920714924,0.15274749834838047,0.2264634410513089,mad,0.9943035529371538,0.4809587961191826
5,client,dC_local,0.006928526693561782,0.0028187930583953857,0.002787858247756958,0.004133278638124465,mad,0.9943035529371538,0.006928526693561782
5,client,dC_global,0.27984796122137634,0.1561676263809204,0.08389917016029358,0.12438890967965126,mad,0.9943035529371538,0.27984796122137634
5,client,dD,0.11492721019868404,0.03795459866523743,0.03795459866523743,0.056271487981081,mad,1.3678794411714423,0.11492721019868404
5,cluster,cluster_dE_global,4.163862061032287,3.1198636293411255,0.70820152759552,1.049979584813118,mad,0.9943035529371538,4.163862061032287
5,cluster,cluster_dN_global,0.5298359082440228,0.276994989395447,0.17151589459493286,0.2542894653264474,mad,0.9943035529371538,0.5298359082440228
