round,scope,metric,threshold,median,mad,scale,method,tau,raw_threshold
9,client,dE_local,1.5087588998257166,0.8008139729499817,0.5907720923423767,0.8758787041068077,mad,0.8082682265892901,1.5087588998257166
9,client,dN_local,0.16879934333945884,0.07678496529652672,0.07678496529652672,0.1138413895486305,mad,0.8082682265892901,0.16879934333945884
9,client,dE_global,4.706384986994431,3.6117565631866455,0.9134551286697388,1.3542885737657546,mad,0.8082682265892901,4.706384986994431
9,client,dN_global,0.40147354705838845,0.2369910220945275,0.13725882019593005,0.20349992682248588,mad,0.8082682265892901,0.40147354705838845
9,client,dC_local,0.00818255725141091,0.004400879144668579,0.0031557679176330566,0.00467874151468277,mad,0.8082682265892901,0.00818255725141091
9,client,dC_global,0.21140962733524835,0.1325078010559082,0.06584268808364868,0.09761836935281754,mad,0.8082682265892901,0.21140962733524835
9,client,dD,0.28097481597121415,0.10471451282501221,0.10471439361572266,0.1552495599746704,mad,1.1353352832366128,0.28097481597121415
9,cluster,cluster_dE_global,4.545932318368851,3.70270574092865,0.7036631107330322,1.0432509279727935,mad,0.8082682265892901,4.545932318368851
9,cluster,cluster_dN_global,0.4072073422990031,0.2414169072648232,0.13835025646378768,0.2051180902332116,mad,0.8082682265892901,0.4072073422990031
