round,scope,metric,threshold,median,mad,scale,method,tau,raw_threshold
4,client,dE_local,25.033505233057106,6.04000449180603,5.456733554601669,8.090153168052435,mad,2.347730672919192,25.033505233057106
4,client,dN_local,38.79718383718903,8.712352668260136,8.643214853356579,12.814430341586462,mad,2.347730672919192,38.79718383718903
4,client,dE_global,25.033505233057106,6.04000449180603,5.456733554601669,8.090153168052435,mad,2.347730672919192,25.033505233057106
4,client,dN_global,38.79718383718903,8.712352668260136,8.643214853356579,12.814430341586462,mad,2.347730672919192,38.79718383718903
4,client,dC_local,1.061184129431691,0.26490771770477295,0.2287660539150238,0.3391685515344143,mad,2.347730672919192,1.061184129431691
4,client,dC_global,1.061184129431691,0.26490771770477295,0.2287660539150238,0.3391685515344143,mad,2.347730672919192,1.061184129431691
4,client,dD,2.0188580128813527,0.6858239620923996,0.3660249523818493,0.5426685944013298,mad,2.4564422274326603,2.0188580128813527
4,cluster,cluster_dE_global,0.0,0.0,0.0,0.0,constant,2.347730672919192,0.0
4,cluster,cluster_dN_global,0.8202608574555422,0.8202608574555422,0.0,0.0,constant,2.347730672919192,0.8202608574555422
