round,scope,metric,threshold,median,mad,scale,method,tau,raw_threshold
7,client,dE_local,15.094716636449096,4.989009857177734,3.528375744819641,5.2311698792696,mad,1.9318253875330784,15.094716636449096
7,client,dN_local,5.805471473815648,1.5161831532540548,1.4975915295554323,2.220329201718884,mad,1.9318253875330784,5.805471473815648
7,client,dE_global,15.094716636449096,4.989009857177734,3.528375744819641,5.2311698792696,mad,1.9318253875330784,15.094716636449096
7,client,dN_global,5.805471473815648,1.5161831532540548,1.4975915295554323,2.220329201718884,mad,1.9318253875330784,5.805471473815648
7,client,dC_local,0.7112125083012191,0.21103182435035706,0.17463651299476624,0.2589160941660404,mad,1.9318253875330784,0.7112125083012191
7,client,dC_global,0.7112125083012191,0.21103182435035706,0.17463651299476624,0.2589160941660404,mad,1.9318253875330784,0.7112125083012191
7,client,dD,1.9150814359119746,0.72953861951828,0.37900133803486824,0.5619073837704956,mad,2.109854489610899,1.9150814359119746
7,cluster,cluster_dE_global,0.0,0.0,0.0,0.0,constant,1.9318253875330784,0.0
7,cluster,cluster_dN_global,0.6903180113021051,0.6903180113021051,0.0,0.0,constant,1.9318253875330784,0.6903180113021051
