round,scope,metric,threshold,median,mad,scale,method,tau,raw_threshold
5,client,dE_local,28.978702213413253,7.452285051345825,6.636331021785736,9.839024372899532,mad,2.1878609449692474,28.978702213413253
5,client,dN_local,8.861776439875966,2.2547187965396702,2.0368750299266303,3.0198709193692217,mad,2.1878609449692474,8.861776439875966
5,client,dE_global,28.978702213413253,7.452285051345825,6.636331021785736,9.839024372899532,mad,2.1878609449692474,28.978702213413253
5,client,dN_global,8.861776439875966,2.2547187965396702,2.0368750299266303,3.0198709193692217,mad,2.1878609449692474,8.861776439875966
5,client,dC_local,0.9672618881347187,0.26802003383636475,0.2155677080154419,0.3196006839036941,mad,2.1878609449692474,0.9672618881347187
5,client,dC_global,0.9672618881347187,0.26802003383636475,0.2155677080154419,0.3196006839036941,mad,2.1878609449692474,0.9672618881347187
5,client,dD,2.666888296088948,0.9442938379943371,0.5001142024993896,0.741469316625595,mad,2.3232174541410395,2.666888296088948
5,cluster,cluster_dE_global,0.0,0.0,0.0,0.0,constant,2.1878609449692474,0.0
5,cluster,cluster_dN_global,0.9075741943084947,0.9075741943084947,0.0,0.0,constant,2.1878609449692474,0.9075741943084947
