round,scope,metric,threshold,median,mad,scale,method,tau,raw_threshold
1,client,dE_local,3.8271584899723523,0.7025144994258881,0.7025144994258881,1.0415479968488215,mad,3.0,3.8271584899723523
1,client,dN_local,0.3344394553080586,0.06138981888249543,0.06138981888249543,0.09101654547518771,mad,3.0,0.3344394553080586
1,client,dE_global,40952087110.06996,7517178881.960567,7517178881.269255,11144969409.369797,mad,3.0,40952087110.06996
1,client,dN_global,43.14404600083845,15.725727628991264,6.164467460732764,9.139439457282396,mad,3.0,43.14404600083845
1,client,dC_local,0.006953754246234893,0.0012764334678649902,0.0012764334678649902,0.0018924402594566344,mad,3.0,0.006953754246234893
1,client,dC_global,1.5954038348942996,0.38518574833869934,0.27209363877773285,0.4034060288518667,mad,3.0,1.5954038348942996
1,client,dD,0.0,0.0,0.0,0.0,constant,3.0,0.0
1,cluster,cluster_dE_global,9.750029865503311,2.6947492361068726,1.586240530014038,2.3517602097988126,mad,3.0,9.750029865503311
1,cluster,cluster_dN_global,28.67995480121712,21.411006964076286,1.6342793824229584,2.4229826123802782,mad,3.0,28.67995480121712
