round,scope,metric,threshold,median,mad,scale,method,tau,raw_threshold
8,client,dE_local,13.874391568651076,4.305306434631348,3.3140136003494263,4.913356563878059,mad,1.9475657851436194,13.874391568651076
8,client,dN_local,3.0008575017016437,0.7818609168226807,0.7158685229893872,1.0613466721840654,mad,2.0907368374865274,3.0008575017016437
8,client,dE_global,13.874391568651076,4.305306434631348,3.3140136003494263,4.913356563878059,mad,1.9475657851436194,13.874391568651076
8,client,dN_global,3.0008575017016437,0.7818609168226807,0.7158685229893872,1.0613466721840654,mad,2.0907368374865274,3.0008575017016437
8,client,dC_local,0.9209224584403133,0.26464536786079407,0.22728517651557922,0.33697300270199776,mad,1.9475657851436194,0.9209224584403133
8,client,dC_global,0.9209224584403133,0.26464536786079407,0.22728517651557922,0.33697300270199776,mad,1.9475657851436194,0.9209224584403133
8,client,dD,0.0,0.0,0.0,0.0,constant,2.0612236804578035,0.0
8,cluster,cluster_dE_global,0.0,0.0,0.0,0.0,constant,1.9475657851436194,0.0
8,cluster,cluster_dN_global,1.5833537437991811,1.5833537437991811,0.0,0.0,constant,2.0907368374865274,1.5833537437991811
