round,scope,metric,threshold,median,mad,scale,method,tau,raw_threshold
2,client,dE_local,4.220140247310849,1.0461587309837341,0.772707462310791,1.1456160836219786,mad,2.7705455271649626,4.220140247310849
2,client,dN_local,0.4991198035823895,0.09772079809245916,0.09772079809245916,0.14488085525187994,mad,2.7705455271649626,0.4991198035823895
2,client,dE_global,8.4129546576152,3.2971032857894897,1.2454566955566406,1.8465140968322753,mad,2.7705455271649626,8.4129546576152
2,client,dN_global,1.222044806883977,0.3435707746127792,0.21386496319855913,0.31707619443818374,mad,2.7705455271649626,1.222044806883977
2,client,dC_local,0.028789914467000206,0.006764888763427734,0.005362004041671753,0.007949707192182541,mad,2.7705455271649626,0.028789914467000206
2,client,dC_global,0.34796256556815885,0.08162084221839905,0.06484103202819824,0.09613331408500671,mad,2.7705455271649626,0.34796256556815885
2,client,dD,0.1678675810121772,0.03250545263290405,0.032505303621292114,0.048192363148927685,mad,2.8087879393041355,0.1678675810121772
2,cluster,cluster_dE_global,10.72531426946804,3.9988105297088623,1.637570858001709,2.4278625540733336,mad,2.7705455271649626,10.72531426946804
2,cluster,cluster_dN_global,2.9152505161706292,0.6711972463231799,0.5463159437174703,0.8099680181555214,mad,2.7705455271649626,2.9152505161706292
