round,scope,metric,threshold,median,mad,scale,method,tau,raw_threshold
7,client,dE_local,8.33711228181664,4.001850605010986,1.4662847518920898,2.1739137731552125,mad,1.994219701967971,8.33711228181664
7,client,dN_local,0.7783860974350199,0.27036365902751835,0.17182481948928757,0.25474747737481773,mad,1.994219701967971,0.7783860974350199
7,client,dE_global,8.33711228181664,4.001850605010986,1.4662847518920898,2.1739137731552125,mad,1.994219701967971,8.33711228181664
7,client,dN_global,0.7783860974350199,0.27036365902751835,0.17182481948928757,0.25474747737481773,mad,1.994219701967971,0.7783860974350199
7,client,dC_local,0.21604768528607637,0.08391496539115906,0.04469031095504761,0.06625785502195358,mad,1.994219701967971,0.21604768528607637
7,client,dC_global,0.21604768528607637,0.08391496539115906,0.04469031095504761,0.06625785502195358,mad,1.994219701967971,0.21604768528607637
7,client,dD,1.8891435323208428,0.6593112051486969,0.3837040662765503,0.5688796486616134,mad,2.161849751639976,1.8891435323208428
7,cluster,cluster_dE_global,0.0,0.0,0.0,0.0,constant,1.994219701967971,0.0
7,cluster,cluster_dN_global,0.2742492962100391,0.2742492962100391,0.0,0.0,constant,1.994219701967971,0.2742492962100391
