round,scope,metric,threshold,median,mad,scale,method,tau,raw_threshold
4,client,dE_local,3.915236449049275,1.2265621423721313,0.7569890171289444,1.122311916795373,mad,2.3956569171557316,3.915236449049275
4,client,dN_local,0.39129759112915674,0.08596544440871023,0.08596544440871023,0.12745236788035377,mad,2.3956569171557316,0.39129759112915674
4,client,dE_global,8.355320600822552,3.689998984336853,1.3135087490081787,1.9474080712795256,mad,2.3956569171557316,8.355320600822552
4,client,dN_global,1.1391473935367404,0.32434817397529236,0.22940452803877537,0.34011515327028835,mad,2.3956569171557316,1.1391473935367404
4,client,dC_local,0.03509029763767153,0.0077092647552490234,0.00770905613899231,0.011429446631669997,mad,2.3956569171557316,0.03509029763767153
4,client,dC_global,0.31020670715114285,0.08091303706169128,0.0645570158958435,0.09571223176717758,mad,2.3956569171557316,0.31020670715114285
4,client,dD,0.3160231366000549,0.06722274422645569,0.06722274422645569,0.0996644405901432,mad,2.4963807642964433,0.3160231366000549
4,cluster,cluster_dE_global,21.654436141706775,6.07750940322876,4.385641813278198,6.502152552366256,mad,2.3956569171557316,21.654436141706775
4,cluster,cluster_dN_global,3.971841493169836,0.8771277700217647,0.8713083223815783,1.2918017187629278,mad,2.3956569171557316,3.971841493169836
