round,scope,metric,threshold,median,mad,scale,method,tau,raw_threshold
9,client,dE_local,7.636731221740474,3.9140514135360718,1.3913652896881104,2.0628381784915923,mad,1.8046397662304923,7.636731221740474
9,client,dN_local,0.7786585577039353,0.27898450547272696,0.18675501742054046,0.27688298882769324,mad,1.8046397662304923,0.7786585577039353
9,client,dE_global,7.636731221740474,3.9140514135360718,1.3913652896881104,2.0628381784915923,mad,1.8046397662304923,7.636731221740474
9,client,dN_global,0.7786585577039353,0.27898450547272696,0.18675501742054046,0.27688298882769324,mad,1.8046397662304923,0.7786585577039353
9,client,dC_local,0.20425196964655554,0.07059264183044434,0.049955666065216064,0.07406427050828933,mad,1.8046397662304923,0.20425196964655554
9,client,dC_global,0.20425196964655554,0.07059264183044434,0.049955666065216064,0.07406427050828933,mad,1.8046397662304923,0.20425196964655554
9,client,dD,1.892890908434755,0.6630967259407043,0.4139421582221985,0.6137106437802314,mad,2.0038664718587436,1.892890908434755
9,cluster,cluster_dE_global,0.0,0.0,0.0,0.0,constant,1.8046397662304923,0.0
9,cluster,cluster_dN_global,0.1495666289537928,0.1495666289537928,0.0,0.0,constant,1.8046397662304923,0.1495666289537928
