round,scope,metric,threshold,median,mad,scale,method,tau,raw_threshold
1,client,dE_local,10.526147298307418,2.043404221534729,2.043404221534729,3.029551098847389,mad,2.8,10.526147298307418
1,client,dN_local,0.6711131540713237,0.12318975624496561,0.12318975624496561,0.182641132608786,mad,3.0,0.6711131540713237
1,client,dE_global,23.97930845131397,6.359466314315796,4.244435966014862,6.292800763213634,mad,2.8,23.97930845131397
1,client,dN_global,5.357301839990317,1.3610537521068085,0.8984774692844797,1.3320826959611696,mad,3.0,5.357301839990317
1,client,dC_local,0.02698590517759323,0.005937427282333374,0.005070358514785767,0.007517313534021377,mad,2.8,0.02698590517759323
1,client,dC_global,0.48113652045965194,0.2503730356693268,0.05558851361274719,0.08241553028225898,mad,2.8,0.48113652045965194
1,client,dD,0.0,0.0,0.0,0.0,constant,2.8,0.0
1,cluster,cluster_dE_global,101.47776486789702,22.463703155517578,19.03366231918335,28.219307754421234,mad,2.8,101.47776486789702
1,cluster,cluster_dN_global,4.6569363225698215,1.5465338175901717,0.6993125826205429,1.0368008349932167,mad,3.0,4.6569363225698215
