round,scope,metric,threshold,median,mad,scale,method,tau,raw_threshold
10,client,dE_local,18.497726383466023,5.181544065475464,4.963897004723549,7.359473699203133,mad,1.8093932884674087,18.497726383466023
10,client,dN_local,3.195402442305597,0.8596146786695072,0.8106954277199014,1.2019370411375259,mad,1.9433528410319025,3.195402442305597
10,client,dE_global,18.497726383466023,5.181544065475464,4.963897004723549,7.359473699203133,mad,1.8093932884674087,18.497726383466023
10,client,dN_global,3.195402442305597,0.8596146786695072,0.8106954277199014,1.2019370411375259,mad,1.9433528410319025,3.195402442305597
10,client,dC_local,1.2090744455343159,0.3474836051464081,0.32117675244808197,0.4761766531795263,mad,1.8093932884674087,1.2090744455343159
10,client,dC_global,1.2090744455343159,0.3474836051464081,0.32117675244808197,0.4761766531795263,mad,1.8093932884674087,1.2090744455343159
10,client,dD,0.0,0.0,0.0,0.0,constant,1.9414741833384208,0.0
10,cluster,cluster_dE_global,0.0,0.0,0.0,0.0,constant,1.8093932884674087,0.0
10,cluster,cluster_dN_global,3.1869087481595244,3.1869087481595244,0.0,0.0,constant,1.9433528410319025,3.1869087481595244
