round,scope,metric,threshold,median,mad,scale,method,tau,raw_threshold
6,client,dE_local,1.9404643299089357,1.054014265537262,0.6434566378593445,0.953988811290264,mad,0.929203837488152,1.9404643299089357
6,client,dN_local,0.18364483153811545,0.07723836080294393,0.07723836080294393,0.11451359372644465,mad,0.929203837488152,0.18364483153811545
6,client,dE_global,5.779704255004163,4.07329249382019,1.2386506795883179,1.83642349755764,mad,0.929203837488152,5.779704255004163
6,client,dN_global,0.46603092950415437,0.25998351240240625,0.14956576075367414,0.22174619689339728,mad,0.929203837488152,0.46603092950415437
6,client,dC_local,0.01414627890675569,0.006614655256271362,0.005467057228088379,0.00810545904636383,mad,0.929203837488152,0.01414627890675569
6,client,dC_global,0.24913684511913997,0.1907615065574646,0.04237350821495056,0.0628229632794857,mad,0.929203837488152,0.24913684511913997
6,client,dD,0.48814834935469037,0.1865566074848175,0.15811899304389954,0.23442721908688544,mad,1.2865047968601901,0.48814834935469037
6,cluster,cluster_dE_global,5.235746213565984,3.8332061767578125,1.0180761814117432,1.5093997465610502,mad,0.929203837488152,5.235746213565984
6,cluster,cluster_dN_global,0.4773290839695835,0.27642496441474695,0.14583234239198478,0.21621103083035662,mad,0.929203837488152,0.4773290839695835
