round,scope,metric,threshold,median,mad,scale,method,tau,raw_threshold
10,client,dE_local,1.7278205738603372,1.03384929895401,0.5967941433191299,0.884806996884942,mad,0.7843193796494914,1.7278205738603372
10,client,dN_local,0.14764250494218772,0.06826351326920416,0.06826351326920416,0.10120748477292207,mad,0.7843193796494914,0.14764250494218772
10,client,dE_global,5.726099257900092,4.288302898406982,1.2364610433578491,1.833177142882347,mad,0.7843193796494914,5.726099257900092
10,client,dN_global,0.3744203541974622,0.226281864125856,0.12739458601770962,0.18887521322985626,mad,0.7843193796494914,0.3744203541974622
10,client,dC_local,0.010366765562200442,0.005224019289016724,0.004422605037689209,0.006556954228878021,mad,0.7843193796494914,0.010366765562200442
10,client,dC_global,0.23770661684800248,0.18338465690612793,0.046715229749679565,0.06925999962687492,mad,0.7843193796494914,0.23770661684800248
10,client,dD,0.4658049733234688,0.17651724815368652,0.17651712894439697,0.2617042953729629,mad,1.1053992245618642,0.4658049733234688
10,cluster,cluster_dE_global,5.240952417648064,3.9439181089401245,1.1154099702835083,1.6537068219423292,mad,0.7843193796494914,5.240952417648064
10,cluster,cluster_dN_global,0.4110400318024928,0.2679634919364716,0.12304146313539147,0.1824212732445314,mad,0.7843193796494914,0.4110400318024928
